Cities,Lat,Lng,Max Temp,Humidity,Cloudiness,Wind Speed,Country,Date
bambanglipuro,-7.95,110.2833,78.49,82,99,3.89,ID,2021-03-20 23:39:08
guozhen,34.3659,107.359,42.58,27,100,1.43,CN,2021-03-20 23:39:09
mezen,65.8522,44.24,13.12,96,94,9.35,RU,2021-03-20 23:39:09
lebu,-37.6167,-73.65,56.64,81,4,6.46,CL,2021-03-20 23:39:10
vaini,-21.2,-175.2,86,74,40,6.91,TO,2021-03-20 23:39:10
hilo,19.7297,-155.09,71.6,78,90,9.22,US,2021-03-20 23:39:11
geraldton,-28.7667,114.6,75.2,31,0,14.97,AU,2021-03-20 23:39:11
primorsk,46.7348,36.3443,34.77,88,1,9.37,UA,2021-03-20 23:39:12
atuona,-9.8,-139.0333,80.2,80,16,13.47,PF,2021-03-20 23:39:13
bluff,-46.6,168.3333,57,93,90,5.99,NZ,2021-03-20 23:39:13
longyearbyen,78.2186,15.6401,14,73,40,9.22,SJ,2021-03-20 23:39:13
lompoc,34.6391,-120.4579,57.2,51,1,19.57,US,2021-03-20 23:39:14
barrow,71.2906,-156.7887,-7.6,71,1,6.91,US,2021-03-20 23:39:14
kapaa,22.0752,-159.319,75.2,69,20,19.57,US,2021-03-20 23:36:58
yafran,32.0633,12.5286,63.57,26,73,7.09,LY,2021-03-20 23:39:15
kawalu,-7.3817,108.2082,74.82,81,78,1.03,ID,2021-03-20 23:39:16
poum,-20.2333,164.0167,79.68,73,78,12.19,NC,2021-03-20 23:39:16
new norfolk,-42.7826,147.0587,68,50,8,3,AU,2021-03-20 23:39:17
taltal,-25.4,-70.4833,66.43,75,9,4.76,CL,2021-03-20 23:39:17
zavetnoye,47.1194,43.8903,35.38,92,92,10.02,RU,2021-03-20 23:39:17
kununurra,-15.7667,128.7333,75.2,100,90,4.61,AU,2021-03-20 23:39:18
busselton,-33.65,115.3333,74.16,39,0,3.24,AU,2021-03-20 23:39:18
sovetskiy,61.3614,63.5842,2.28,93,100,8.61,RU,2021-03-20 23:39:19
ushuaia,-54.8,-68.3,46.4,76,40,33.38,AR,2021-03-20 23:34:35
margate,51.3813,1.3862,48,75,98,1.01,GB,2021-03-20 23:39:20
narsaq,60.9167,-46.05,32,93,90,9.22,GL,2021-03-20 23:34:23
porto novo,6.4965,2.6036,82.4,78,20,6.91,BJ,2021-03-20 23:39:20
rikitea,-23.1203,-134.9692,80.08,71,4,4.72,PF,2021-03-20 23:35:19
linjiang,41.8069,126.9078,34.48,79,98,9.62,CN,2021-03-20 23:39:21
puerto ayora,-0.7393,-90.3518,84.2,70,20,10.36,EC,2021-03-20 23:39:21
tasiilaq,65.6145,-37.6368,24.8,93,90,46.04,GL,2021-03-20 23:39:22
jumla,29.2747,82.1838,40.28,66,10,3.71,NP,2021-03-20 23:39:04
hithadhoo,-0.6,73.0833,83.14,70,100,10.36,MV,2021-03-20 23:39:22
asau,46.4333,26.4,30.99,63,100,1.45,RO,2021-03-20 23:39:23
kalmunai,7.4167,81.8167,77.58,84,78,1.63,LK,2021-03-20 23:39:23
port elizabeth,-33.918,25.5701,64.4,88,20,12.66,ZA,2021-03-20 23:39:24
coromandel,-18.4733,-47.2003,65.07,94,3,4.92,BR,2021-03-20 23:39:25
bredasdorp,-34.5322,20.0403,55.4,94,66,2.3,ZA,2021-03-20 23:39:25
bethel,41.3712,-73.414,57.2,21,1,2.55,US,2021-03-20 23:39:25
ilulissat,69.2167,-51.1,12.2,67,25,5.26,GL,2021-03-20 23:39:26
thompson,55.7435,-97.8558,50,34,75,3.44,CA,2021-03-20 23:39:26
buzmeyin,38.0507,58.2056,46.4,81,17,2.3,TM,2021-03-20 23:39:27
baruun-urt,46.6806,113.2792,18.5,51,26,12.88,MN,2021-03-20 23:39:27
carnarvon,-24.8667,113.6333,71.6,83,0,5.75,AU,2021-03-20 23:37:10
arlit,18.7369,7.3853,81.23,7,21,8.16,NE,2021-03-20 23:39:28
emerald,-23.5333,148.1667,80.6,69,90,12.66,AU,2021-03-20 23:39:28
chokurdakh,70.6333,147.9167,-12.98,93,0,4.34,RU,2021-03-20 23:39:29
punta arenas,-53.15,-70.9167,50,62,75,18.41,CL,2021-03-20 23:39:29
porbandar,21.6422,69.6093,72.66,82,0,7.92,IN,2021-03-20 23:39:30
zirl,47.3028,11.2745,24.8,74,41,2.3,AT,2021-03-20 23:39:30
byron bay,-28.65,153.6167,73.4,94,75,19.57,AU,2021-03-20 23:39:30
vyshneve,50.3891,30.3705,30.99,80,0,6.71,UA,2021-03-20 23:39:31
saint-joseph,-21.3667,55.6167,78.8,78,0,19.57,RE,2021-03-20 23:39:31
korla,41.7597,86.1469,37,56,0,7.36,CN,2021-03-20 23:39:32
kushiro,42.975,144.3747,28.4,100,75,5.75,JP,2021-03-20 23:39:32
abu samrah,35.3029,37.1841,52.45,58,0,2.57,SY,2021-03-20 23:39:33
faanui,-16.4833,-151.75,83.12,68,1,7.18,PF,2021-03-20 23:39:33
saint george,37.1041,-113.5841,70,12,1,24.16,US,2021-03-20 23:39:34
sirok,47.9333,20.2,30.58,88,25,2.91,HU,2021-03-20 23:39:34
mus,39,41.75,30.9,91,88,1.07,TR,2021-03-20 23:39:35
qaanaaq,77.484,-69.3632,-8.34,97,100,2.08,GL,2021-03-20 23:39:35
hermanus,-34.4187,19.2345,55.99,92,38,1.01,ZA,2021-03-20 23:39:35
constitucion,-35.3333,-72.4167,56.82,85,100,7.58,CL,2021-03-20 23:39:36
bissau,11.8636,-15.5977,73.4,78,0,5.75,GW,2021-03-20 23:39:36
batagay,67.6333,134.6333,1.38,87,42,5.37,RU,2021-03-20 23:39:37
bathsheba,13.2167,-59.5167,77,57,20,13.8,BB,2021-03-20 23:39:37
severo-kurilsk,50.6789,156.125,24.69,79,86,21.09,RU,2021-03-20 23:39:38
vila franca do campo,37.7167,-25.4333,59,67,75,4.61,PT,2021-03-20 23:39:38
yavas,54.4159,42.8491,15.42,96,56,4.38,RU,2021-03-20 23:39:39
aksu,41.1231,80.2644,35.78,51,25,2.13,CN,2021-03-20 23:39:39
samarai,-10.6167,150.6667,84.34,76,100,8.46,PG,2021-03-20 23:39:40
mattru,7.6244,-11.8332,75.65,71,9,1.88,SL,2021-03-20 23:39:40
pevek,69.7008,170.3133,-19.23,93,17,3.06,RU,2021-03-20 23:39:41
awjilah,29.1081,21.2869,75,19,45,11.54,LY,2021-03-20 23:39:41
yellowknife,62.456,-114.3525,9,66,40,19.57,CA,2021-03-20 23:39:42
east london,-33.0153,27.9116,69.1,80,55,17.72,ZA,2021-03-20 23:39:42
namibe,-15.1961,12.1522,73.22,75,16,2.71,AO,2021-03-20 23:39:43
khatanga,71.9667,102.5,-37.44,97,22,8.68,RU,2021-03-20 23:39:43
sandwick,60,-1.25,42.8,65,90,9.22,GB,2021-03-20 23:39:44
pangnirtung,66.1451,-65.7125,-16.37,89,9,1.32,CA,2021-03-20 23:39:44
jamestown,42.097,-79.2353,46.4,27,1,3.06,US,2021-03-20 23:37:51
aklavik,68.2191,-135.0107,-0.4,60,20,3.44,CA,2021-03-20 23:39:45
norman wells,65.282,-126.8329,1.4,60,20,9.22,CA,2021-03-20 23:39:45
bilma,18.6853,12.9164,84.85,16,12,6.13,NE,2021-03-20 23:39:46
te anau,-45.4167,167.7167,60.13,60,65,1.97,NZ,2021-03-20 23:39:46
altay,47.8667,88.1167,26.37,22,60,6.42,CN,2021-03-20 23:39:47
biskamzha,53.4497,89.5272,19.74,92,100,2.93,RU,2021-03-20 23:39:47
mecca,21.4267,39.8261,77.31,28,0,2.62,SA,2021-03-20 23:39:47
bengkulu,-3.8004,102.2655,76.69,82,88,4.47,ID,2021-03-20 23:39:48
shellbrook,53.2168,-106.4011,53.6,26,40,4.61,CA,2021-03-20 23:39:48
saint-philippe,-21.3585,55.7679,78.8,78,0,19.57,RE,2021-03-20 23:39:49
paamiut,61.994,-49.6678,25.2,94,100,27.13,GL,2021-03-20 23:39:49
arraial do cabo,-22.9661,-42.0278,77.58,85,6,17.67,BR,2021-03-20 23:39:50
santa cruz del norte,23.1539,-81.9236,71.6,68,20,10.36,CU,2021-03-20 23:39:50
opmeer,52.7067,4.9444,43,89,100,3,NL,2021-03-20 23:39:51
hasaki,35.7333,140.8333,62.6,94,75,16.11,JP,2021-03-20 23:39:51
manggar,-2.8833,108.2667,80.28,82,98,7.43,ID,2021-03-20 23:39:52
bambous virieux,-20.3428,57.7575,80.01,89,40,11.5,MU,2021-03-20 23:39:53
fortuna,40.5982,-124.1573,55.99,54,1,11.5,US,2021-03-20 23:39:53
souillac,-20.5167,57.5167,78.8,89,40,11.5,MU,2021-03-20 23:39:54
port-gentil,-0.7193,8.7815,78.8,94,90,3.44,GA,2021-03-20 23:39:54
port moresby,-9.4431,147.1797,86,74,20,5.75,PG,2021-03-20 23:36:08
sungairaya,0.7,108.9,77.85,88,100,6.73,ID,2021-03-20 23:39:55
qui nhon,13.7667,109.2333,78.19,88,88,3,VN,2021-03-20 23:39:56
albany,42.6001,-73.9662,51.8,29,20,14.97,US,2021-03-20 23:39:57
beloha,-25.1667,45.05,73.51,78,2,5.55,MG,2021-03-20 23:39:57
upernavik,72.7868,-56.1549,-4.86,91,100,13.38,GL,2021-03-20 23:39:58
tiksi,71.6872,128.8694,-16.24,99,100,11.7,RU,2021-03-20 23:39:58
high wycombe,51.6291,-0.7493,46.99,86,92,1.99,GB,2021-03-20 23:35:03
butaritari,3.0707,172.7902,82.44,79,12,16.13,KI,2021-03-20 23:39:59
dikson,73.5069,80.5464,-23.55,80,6,17.11,RU,2021-03-20 23:39:59
bejar,40.3864,-5.7634,35.01,69,0,10.36,ES,2021-03-20 23:40:00
fethiye,36.6217,29.1164,51.8,93,20,4.61,TR,2021-03-20 23:40:00
hibbing,47.4272,-92.9377,55.4,33,1,14.97,US,2021-03-20 23:40:01
qaqortoq,60.7167,-46.0333,32,93,90,9.22,GL,2021-03-20 23:40:01
northam,51.0333,-4.2167,48,89,91,5.99,GB,2021-03-20 23:40:02
altagracia de orituco,9.8601,-66.3814,71.53,81,100,7.9,VE,2021-03-20 23:40:03
turtas,58.9417,69.1325,22.06,94,100,9.08,RU,2021-03-20 23:40:04
medea,36.2642,2.7539,50,93,75,6.91,DZ,2021-03-20 23:40:04
port keats,-14.25,129.55,81.16,84,85,6.64,AU,2021-03-20 23:40:05
estrela,-28.0611,-50.9383,66.7,90,71,5.37,BR,2021-03-20 23:40:05
dobryatino,55.5055,41.3195,17.92,93,22,7.31,RU,2021-03-20 23:40:06
melfort,52.8667,-104.6177,46.4,53,100,6.91,CA,2021-03-20 23:40:06
campbell river,50.0163,-125.2446,46.4,46,90,14.97,CA,2021-03-20 23:40:07
severnoye,56.3491,78.3619,32.34,96,100,18.16,RU,2021-03-20 23:40:07
portland,45.5234,-122.6762,52,71,75,9.22,US,2021-03-20 23:38:34
puerto morazan,12.8504,-87.1717,93.2,27,40,4.61,NI,2021-03-20 23:40:08
san luis potosi,22.5,-100.5,71.6,24,1,11.5,MX,2021-03-20 23:39:53
okhotsk,59.3833,143.3,10.63,83,95,5.82,RU,2021-03-20 23:40:08
kiunga,-6.1219,141.2906,73.42,97,100,4.56,PG,2021-03-20 23:40:09
cherskiy,68.75,161.3,-11.49,82,0,5.32,RU,2021-03-20 23:40:09
okha,53.5739,142.9478,23.9,80,64,13.78,RU,2021-03-20 23:40:09
ostersund,63.1792,14.6357,32,93,40,26.46,SE,2021-03-20 23:40:10
homer,59.6425,-151.5483,30.2,69,90,13.8,US,2021-03-20 23:35:16
havelock,34.8791,-76.9013,48.99,77,97,5.99,US,2021-03-20 23:40:11
haines junction,60.7522,-137.5108,14,37,100,5.75,CA,2021-03-20 23:40:11
itoman,26.1247,127.6694,69.8,83,75,16.11,JP,2021-03-20 23:40:12
kpandu,6.9954,0.2931,80.24,75,60,2.13,GH,2021-03-20 23:40:12
nikolskoye,59.7035,30.7861,28,86,90,15.66,RU,2021-03-20 23:40:13
gesztely,48.1,20.9667,24.8,63,0,4.61,HU,2021-03-20 23:40:13
gigmoto,13.7796,124.39,81.9,83,57,9.69,PH,2021-03-20 23:40:14
cape town,-33.9258,18.4232,64.4,59,0,18.41,ZA,2021-03-20 23:36:05
san carlos de bariloche,-41.1456,-71.3082,57.2,51,0,11.5,AR,2021-03-20 23:40:14
mahebourg,-20.4081,57.7,78.8,89,40,11.5,MU,2021-03-20 23:40:15
alice springs,-23.7,133.8833,64.4,94,90,10.36,AU,2021-03-20 23:40:15
mataura,-46.1927,168.8643,57.99,91,91,7,NZ,2021-03-20 23:40:15
san andres,12.5847,-81.7006,75.2,94,40,13.8,CO,2021-03-20 23:40:16
naze,28.3667,129.4833,68,83,75,8.05,JP,2021-03-20 23:40:16
benjamin constant,-4.3831,-70.0311,82.4,78,40,2.3,BR,2021-03-20 23:40:17
svetlogorsk,52.6333,29.7333,26.37,79,53,8.66,BY,2021-03-20 23:40:17
kirensk,57.7853,108.1119,13.21,96,94,4.5,RU,2021-03-20 23:40:17
cabo san lucas,22.8909,-109.9124,86,21,1,4.61,MX,2021-03-20 23:40:02
ribeira grande,38.5167,-28.7,59.43,81,89,15.75,PT,2021-03-20 23:40:18
port lincoln,-34.7333,135.8667,74.37,59,7,9.31,AU,2021-03-20 23:40:19
todos santos,23.45,-110.2167,84.99,17,1,12.66,MX,2021-03-20 23:40:19
saskylakh,71.9167,114.0833,-34.87,97,100,10.4,RU,2021-03-20 23:40:19
sitka,57.0531,-135.33,35.6,69,90,13.8,US,2021-03-20 23:39:36
port alfred,-33.5906,26.891,66.07,88,57,16.17,ZA,2021-03-20 23:40:20
adrar,20.5022,-10.0711,68.94,12,61,10.49,MR,2021-03-20 23:40:20
broome,42.2506,-75.833,46.4,34,1,6.91,US,2021-03-20 23:40:21
saint anthony,45.0205,-93.218,57,38,40,16.11,US,2021-03-20 23:40:21
tuatapere,-46.1333,167.6833,57.99,91,95,7,NZ,2021-03-20 23:40:21
mount gambier,-37.8333,140.7667,66.2,77,77,8.05,AU,2021-03-20 23:40:22
guerrero negro,27.9769,-114.0611,66.83,62,27,20.87,MX,2021-03-20 23:35:38
georgetown,5.4112,100.3354,78.8,83,20,3.44,MY,2021-03-20 23:38:57
thinadhoo,0.5333,72.9333,82.44,70,98,6.96,MV,2021-03-20 23:40:23
talnakh,69.4865,88.3972,-23.1,64,0,8.28,RU,2021-03-20 23:40:23
iqaluit,63.7506,-68.5145,-9,70,20,13.8,CA,2021-03-20 23:40:24
kaoma,-14.7833,24.8,63.07,96,0,4.29,ZM,2021-03-20 23:40:24
lebaksiu,-7.0496,109.1441,77.38,81,90,4.05,ID,2021-03-20 23:40:24
bosaso,11.2842,49.1816,73.44,59,0,2.57,SO,2021-03-20 23:40:25
saldanha,-33.0117,17.9442,60.8,72,0,11.5,ZA,2021-03-20 23:40:25
agirish,61.9247,63.0231,-2.27,95,99,8.12,RU,2021-03-20 23:40:26
santa cruz,-17.8,-63.1667,77,78,99,8.05,BO,2021-03-20 23:40:26
chuy,-33.6971,-53.4616,70.48,97,82,4.41,UY,2021-03-20 23:40:26
kavieng,-2.5744,150.7967,83.79,75,89,8.3,PG,2021-03-20 23:40:27
pangoa,-12.1167,-73,70.56,90,53,0.92,PE,2021-03-20 23:40:27
baghdad,33.3406,44.4009,62.6,34,0,4.61,IQ,2021-03-20 23:38:14
rzhev,56.2624,34.3282,20.48,86,80,9.51,RU,2021-03-20 23:40:28
san cristobal,7.7669,-72.225,80.6,69,40,5.75,VE,2021-03-20 23:40:28
hobart,-42.8794,147.3294,68,52,75,8.05,AU,2021-03-20 23:37:42
chegdomyn,51.1167,133.0167,23.52,79,100,2.24,RU,2021-03-20 23:40:29
boueni,-12.9025,45.0761,78.8,89,0,2.3,YT,2021-03-20 23:40:29
sao filipe,14.8961,-24.4956,71.13,72,42,7.14,CV,2021-03-20 23:40:30
salalah,17.0151,54.0924,75.2,57,0,4.61,OM,2021-03-20 23:40:30
nanortalik,60.1432,-45.2371,31.55,98,100,9.22,GL,2021-03-20 23:40:30
marsa matruh,31.3525,27.2453,60.8,94,0,6.91,EG,2021-03-20 23:37:27
mujiayingzi,42.1167,118.7833,26.51,35,7,22.84,CN,2021-03-20 23:40:31
banda aceh,5.5577,95.3222,79.03,80,85,5.21,ID,2021-03-20 23:40:32
ahipara,-35.1667,173.1667,68.94,50,10,8.28,NZ,2021-03-20 23:40:32
nizhniy baskunchak,48.2198,46.8311,31.69,77,100,2.53,RU,2021-03-20 23:40:32
alta floresta,-9.8756,-56.0861,77,94,0,1.14,BR,2021-03-20 23:40:33
klaksvik,62.2266,-6.589,42.8,81,90,17.27,FO,2021-03-20 23:40:33
lorengau,-2.0226,147.2712,84.9,72,100,6.85,PG,2021-03-20 23:40:33
hambantota,6.1241,81.1185,77.47,84,70,4.47,LK,2021-03-20 23:40:34
ginir,7.1333,40.7,59.65,71,3,4.97,ET,2021-03-20 23:40:34
presidente franco,-25.5333,-54.6167,82.4,74,20,4.61,PY,2021-03-20 23:40:35
sao domingos do prata,-19.865,-42.9683,66.16,96,0,2.17,BR,2021-03-20 23:40:35
moron,-34.6534,-58.6198,66.99,93,100,1.99,AR,2021-03-20 23:40:12
panama city,8.9936,-79.5197,84.2,61,20,11.5,PA,2021-03-20 23:40:36
kuvshinovo,57.0295,34.1725,19.69,80,79,10.6,RU,2021-03-20 23:40:36
ligayan,4.6533,119.4706,83.21,76,63,7.67,PH,2021-03-20 23:40:37
pangai,-19.8,-174.35,82.13,75,32,7.92,TO,2021-03-20 23:40:37
walvis bay,-22.9575,14.5053,62.01,90,0,1.99,NA,2021-03-20 23:40:37
hami,42.8,93.45,33.8,15,0,5.41,CN,2021-03-20 23:40:38
sahuaripa,29.05,-109.2333,90.39,8,0,9.57,MX,2021-03-20 23:40:38
camacha,33.0833,-16.3333,60.8,63,75,12.66,PT,2021-03-20 23:40:39
bandarbeyla,9.4942,50.8122,76.3,78,3,9.06,SO,2021-03-20 23:40:39
nautla,20.2167,-96.7833,70.72,63,47,7.76,MX,2021-03-20 23:40:39
aripuana,-9.1667,-60.6333,72.68,98,93,2.08,BR,2021-03-20 23:40:38
iracoubo,5.4802,-53.2011,77.67,82,17,8.57,GF,2021-03-20 23:40:40
north platte,41.1239,-100.7654,64.4,36,1,28.77,US,2021-03-20 23:40:40
san lorenzo,-25.3333,-57.5333,84.2,70,20,6.91,PY,2021-03-20 23:40:41
tuktoyaktuk,69.4541,-133.0374,-13,84,75,6.91,CA,2021-03-20 23:40:41
kolno,53.4115,21.9291,26.6,74,0,11.5,PL,2021-03-20 23:40:42
phangnga,8.4509,98.5298,77,88,20,1.14,TH,2021-03-20 23:40:42
faya,18.3851,42.4509,62.6,25,0,4.5,SA,2021-03-20 23:40:42
rio gallegos,-51.6226,-69.2181,53.6,40,0,25.32,AR,2021-03-20 23:40:43
bumba,2.1833,22.4667,72.72,96,100,4.09,CD,2021-03-20 23:40:43
airai,-8.9266,125.4092,69.51,68,46,2.91,TL,2021-03-20 23:40:44
askarovo,53.3372,58.5089,24.8,74,75,4.47,RU,2021-03-20 23:40:44
goundam,16.4145,-3.6708,80.64,11,18,9.89,ML,2021-03-20 23:40:45
anadyr,64.75,177.4833,-5.8,71,0,13.42,RU,2021-03-20 23:40:45
taseyevo,57.2169,94.8978,21.65,87,100,3.94,RU,2021-03-20 23:40:45
nabire,-3.3667,135.4833,75.76,92,100,1.77,ID,2021-03-20 23:40:46
kodiak,57.79,-152.4072,37.4,87,90,5.75,US,2021-03-20 23:40:46
victoria,22.2855,114.1577,75.99,78,65,1.01,HK,2021-03-20 23:40:47
mounana,-1.4085,13.1586,69.17,98,100,1.74,GA,2021-03-20 23:40:47
ust-tsilma,65.441,52.1498,2.64,96,41,4.09,RU,2021-03-20 23:40:48
mahajanga,-15.7167,46.3167,75.2,88,20,2.3,MG,2021-03-20 23:40:48
husavik,66.0449,-17.3389,42.8,61,75,23.02,IS,2021-03-20 23:40:49
seydi,39.4816,62.9137,49.93,55,0,3,TM,2021-03-20 23:40:49
hervey bay,-25.2986,152.8535,82,78,79,4,AU,2021-03-20 23:40:50
evensk,61.95,159.2333,-3.89,57,0,2.15,RU,2021-03-20 23:40:50
tigil,57.8,158.6667,7.79,85,83,3.85,RU,2021-03-20 23:40:50
karpathos,35.507,27.2132,59,82,1,17.27,GR,2021-03-20 23:40:51
yulara,-25.2406,130.9889,64.4,100,90,9.22,AU,2021-03-20 23:40:51
merauke,-8.4667,140.3333,82.67,74,94,6.55,ID,2021-03-20 23:40:52
luderitz,-26.6481,15.1594,65.71,71,13,25.01,NA,2021-03-20 23:40:52
nanakuli,21.3906,-158.1547,80.6,54,40,18.41,US,2021-03-20 23:40:52
maningrida,-12.0667,134.2667,85.28,72,30,4.27,AU,2021-03-20 23:40:53
oktyabrskiy,54.4815,53.471,14.18,93,98,5.06,RU,2021-03-20 23:40:53
castro,-24.7911,-50.0119,65.62,96,61,4.5,BR,2021-03-20 23:40:54
winslow,35.0242,-110.6974,69.8,19,1,28.77,US,2021-03-20 23:40:54
gat,31.61,34.7642,61,54,0,1.99,IL,2021-03-20 23:40:54
setermoen,68.861,18.3486,28.4,86,100,18.41,NO,2021-03-20 23:40:55
lithakia,37.7167,20.8333,55.4,88,40,21.45,GR,2021-03-20 23:40:55
luganville,-15.5333,167.1667,81.43,81,100,7.61,VU,2021-03-20 23:40:56
xining,36.6167,101.7667,22.05,56,17,1.92,CN,2021-03-20 23:40:04
ponta delgada,37.7333,-25.6667,59,67,75,4.61,PT,2021-03-20 23:36:59
kabare,-2.4683,28.8242,60.35,95,99,0.94,CD,2021-03-20 23:40:56
flin flon,54.7682,-101.865,51.8,28,40,5.75,CA,2021-03-20 23:40:57
roald,62.5833,6.1333,37.4,70,90,19.57,NO,2021-03-20 23:40:57
saint-francois,46.4154,3.9054,33.01,80,0,4.61,FR,2021-03-20 23:40:00
eliot,43.1531,-70.8001,51.8,17,1,6.91,US,2021-03-20 23:40:58
rudbar,30.15,62.6,63.79,36,23,11.45,AF,2021-03-20 23:40:58
hofn,64.2539,-15.2082,40.87,65,100,10.96,IS,2021-03-20 23:40:59
marzuq,14.4,46.4667,58.69,25,50,2.93,YE,2021-03-20 23:40:59
scarborough,54.2797,-0.4044,46.99,83,64,5.01,GB,2021-03-20 23:41:00
charleston,32.7766,-79.9309,55.4,62,75,12.66,US,2021-03-20 23:40:12
blora,-6.9698,111.4186,77.4,87,72,5.06,ID,2021-03-20 23:38:11
panaba,21.2833,-88.2667,70.68,66,0,10.31,MX,2021-03-20 23:41:00
vostok,46.4856,135.8833,27.12,82,96,4.74,RU,2021-03-20 23:41:01
butka,56.7179,63.7866,13.96,94,92,7.72,RU,2021-03-20 23:41:01
katsuura,35.1333,140.3,64.4,88,75,14.97,JP,2021-03-20 23:39:23
songadh,21.1667,73.5667,67.3,50,0,0.89,IN,2021-03-20 23:41:02
fayaoue,-20.65,166.5333,78.51,77,56,20.38,NC,2021-03-20 23:41:02
cidreira,-30.1811,-50.2056,77.25,87,34,19.28,BR,2021-03-20 23:41:03
kloulklubed,7.0419,134.2556,82.4,78,75,8.05,PW,2021-03-20 23:41:03
loandjili,-4.7561,11.8578,77,94,20,8.37,CG,2021-03-20 23:41:04
oistins,13.0667,-59.5333,77,57,20,13.8,BB,2021-03-20 23:41:04
pemba,-12.974,40.5178,80.6,89,20,3.44,MZ,2021-03-20 23:40:20
kuala terengganu,5.3302,103.1408,75.2,94,20,2.3,MY,2021-03-20 23:41:05
vestmannaeyjar,63.4427,-20.2734,43.07,77,100,21.14,IS,2021-03-20 23:41:05
provideniya,64.3833,-173.3,6.87,74,100,13.18,RU,2021-03-20 23:41:05
panubigan,7.4281,123.3466,81.18,79,66,5.97,PH,2021-03-20 23:41:06
kushima,31.4583,131.2333,68,83,75,9.22,JP,2021-03-20 23:41:06
waynesboro,38.0685,-78.8895,53.6,31,1,3.44,US,2021-03-20 23:41:07
yar-sale,66.8333,70.8333,-11.51,88,100,10.54,RU,2021-03-20 23:41:07
mehamn,71.0357,27.8492,31.3,84,100,17.4,NO,2021-03-20 23:41:07
ambatofinandrahana,-20.55,46.8,60.01,96,72,2.04,MG,2021-03-20 23:41:08
togul,53.465,85.9128,26.2,81,100,9.1,RU,2021-03-20 23:41:08
nome,64.5011,-165.4064,15.8,53,1,11.5,US,2021-03-20 23:41:09
vao,-22.6667,167.4833,76.24,75,10,16.58,NC,2021-03-20 23:41:09
ponta do sol,32.6667,-17.1,57.99,59,43,13,PT,2021-03-20 23:41:10
ilhabela,-23.7781,-45.3581,77.31,89,40,9.1,BR,2021-03-20 23:36:44
spilimbergo,46.1125,12.8969,35.01,61,39,1.01,IT,2021-03-20 23:41:10
puerto madryn,-42.7692,-65.0385,60.39,66,0,14.43,AR,2021-03-20 23:38:38
kaabong,3.4836,34.1492,67.73,68,43,15.57,UG,2021-03-20 23:41:11
cayenne,4.9333,-52.3333,77,88,90,4.61,GF,2021-03-20 23:41:11
morristown,36.214,-83.2949,57.2,23,1,8.05,US,2021-03-20 23:41:12
santo tomas,14.1079,121.1414,84,78,20,1.14,PH,2021-03-20 23:41:12
santo amaro da imperatriz,-27.6881,-48.7786,78.8,83,40,6.91,BR,2021-03-20 23:41:13
el alto,-4.2714,-81.2147,80.6,69,0,9.22,PE,2021-03-20 23:41:13
berlevag,70.8578,29.0864,32.36,84,99,15.14,NO,2021-03-20 23:41:14
odienne,9.51,-7.5692,79.14,65,61,2.57,CI,2021-03-20 23:41:14
dingle,10.9995,122.6711,82.54,78,7,8.88,PH,2021-03-20 23:41:15
statesboro,32.4488,-81.7832,55.4,58,90,4.61,US,2021-03-20 23:41:16
kutum,14.2,24.6667,70.45,22,2,9.69,SD,2021-03-20 23:41:16
solnechnyy,50.7214,136.6319,26.46,86,100,2.13,RU,2021-03-20 23:41:17
grand gaube,-20.0064,57.6608,80.01,83,12,7,MU,2021-03-20 23:41:17
cururupu,-1.8283,-44.8683,73.38,92,63,2.42,BR,2021-03-20 23:36:47
codrington,-38.2667,141.9667,70.36,63,100,6.67,AU,2021-03-20 23:41:18
torbay,47.6666,-52.7314,24.01,68,75,13.8,CA,2021-03-20 23:41:18
nhulunbuy,-12.2333,136.7667,84.2,79,40,9.22,AU,2021-03-20 23:41:19
tumsar,21.3833,79.7333,71.74,40,0,2.42,IN,2021-03-20 23:41:19
masterton,-40.9597,175.6575,66,66,99,1.99,NZ,2021-03-20 23:38:12
dawlatabad,36.4141,64.9053,49.41,80,73,0.74,AF,2021-03-20 23:41:20
kahului,20.8947,-156.47,78.8,61,40,24.16,US,2021-03-20 23:41:20
saint austell,50.3383,-4.7658,48.2,93,90,6.91,GB,2021-03-20 23:41:20
kodinsk,58.6881,99.1844,15.15,96,100,6.17,RU,2021-03-20 23:41:21
mango,27.9797,-82.3065,63,72,75,9.22,US,2021-03-20 23:41:22
avarua,-21.2078,-159.775,84.2,79,20,9.22,CK,2021-03-20 23:41:22
muriti,-1.9833,32.9167,74.84,70,49,6.26,TZ,2021-03-20 23:41:23
praia,14.9215,-23.5087,68,77,20,14.97,CV,2021-03-20 23:41:23
luanda,-8.8368,13.2343,80.6,83,75,4.61,AO,2021-03-20 23:41:24
de-kastri,51.4667,140.7833,29.77,86,100,16.42,RU,2021-03-20 23:41:24
teya,60.3778,92.6267,18.63,96,100,4.27,RU,2021-03-20 23:41:25
saint-augustin,51.226,-58.6502,14.13,81,35,7.05,CA,2021-03-20 23:41:25
mayo,38.8876,-76.5119,48,53,1,4.61,US,2021-03-20 23:41:26
vilyuysk,63.7553,121.6247,-14.62,89,100,11.63,RU,2021-03-20 23:41:26
diamantino,-14.4086,-56.4461,72.97,95,100,2.71,BR,2021-03-20 23:41:26
bemidji,47.4736,-94.8803,55.4,47,1,19.57,US,2021-03-20 23:39:07
taoudenni,22.6783,-3.9836,68.52,9,0,8.72,ML,2021-03-20 23:41:27
kruisfontein,-34.0033,24.7314,62.01,86,26,12.08,ZA,2021-03-20 23:41:28
skibbereen,51.55,-9.2667,46.4,87,75,9.22,IE,2021-03-20 23:41:28
bud,39.447,-86.1758,57.2,30,1,3.44,US,2021-03-20 23:41:29
havoysund,70.9963,24.6622,32,69,75,6.91,NO,2021-03-20 23:41:29
kosugi,36.7167,137.1,69.8,56,75,6.91,JP,2021-03-20 23:41:30
chara,56.9064,118.2631,10.29,73,74,2.39,RU,2021-03-20 23:41:30
avera,33.194,-82.5271,54,50,90,12.66,US,2021-03-20 23:41:31
warri,5.5167,5.75,75.51,84,95,3.22,NG,2021-03-20 23:41:31
oranjemund,-28.55,16.4333,61.25,86,7,17.22,NA,2021-03-20 23:41:32
dunedin,-45.8742,170.5036,57.99,74,64,11.01,NZ,2021-03-20 23:41:32
turayf,31.6725,38.6637,57.2,54,0,6.91,SA,2021-03-20 23:41:33
zhaozhou,45.6833,125.3167,31.17,76,100,14.07,CN,2021-03-20 23:41:33
waingapu,-9.6567,120.2641,81.75,79,95,8.25,ID,2021-03-20 23:41:34
aleksandrov gay,50.147,48.5704,22.05,93,89,6.44,RU,2021-03-20 23:41:34
poya,-21.35,165.15,83.32,58,40,6.46,NC,2021-03-20 23:41:35
ust-karsk,52.7011,118.8077,13.78,87,64,4,RU,2021-03-20 23:41:35
san patricio,28.017,-97.5169,66,55,1,17.27,US,2021-03-20 23:41:36
vardo,70.3705,31.1107,30.4,77,50,13.31,NO,2021-03-20 23:41:36
petropavlovsk-kamchatskiy,53.0452,158.6483,24.8,46,24,4.47,RU,2021-03-20 23:41:37
hamilton,39.1834,-84.5333,59,23,1,9.22,US,2021-03-20 23:37:46
lodja,-3.4833,23.4333,68.74,97,98,1.74,CD,2021-03-20 23:41:37
wewak,-3.5534,143.6268,82.42,79,94,6.73,PG,2021-03-20 23:41:38
burnley,53.8,-2.2333,42.01,88,53,1.99,GB,2021-03-20 23:39:27
wardha,20.75,78.6167,68,83,90,2.3,IN,2021-03-20 23:41:38
fort nelson,58.8053,-122.7002,17.6,45,20,3.44,CA,2021-03-20 23:40:26
almaznyy,48.0448,40.045,32,100,20,6.71,RU,2021-03-20 23:41:39
olafsvik,64.8945,-23.7142,41.68,82,100,30.85,IS,2021-03-20 23:41:40
churapcha,62.0025,132.4325,17.04,94,98,12.75,RU,2021-03-20 23:41:40
yarkovo,57.4028,67.0786,23.72,98,98,8.66,RU,2021-03-20 23:41:41
saint-pierre,-21.3393,55.4781,78.8,73,20,6.91,RE,2021-03-20 23:41:41
marawi,7.9986,124.2928,78.01,85,31,5.01,PH,2021-03-20 23:41:42
ust-nera,64.5667,143.2,1.35,84,97,4.05,RU,2021-03-20 23:41:42
labuan,5.2767,115.2417,78.8,89,20,2.3,MY,2021-03-20 23:41:43
vilhena,-12.7406,-60.1458,73.4,94,75,3.44,BR,2021-03-20 23:41:43
santa maria,-29.6842,-53.8069,89.6,51,40,9.22,BR,2021-03-20 23:39:27
rabo de peixe,37.8,-25.5833,59,67,75,4.61,PT,2021-03-20 23:41:44
gizo,-8.103,156.8419,83.28,75,78,4.85,SB,2021-03-20 23:41:44
seoul,37.5683,126.9778,42.8,81,75,8.05,KR,2021-03-20 23:39:26
coos bay,43.3665,-124.2179,51.8,76,75,10.36,US,2021-03-20 23:41:45
great yarmouth,52.6083,1.7305,46.4,87,90,9.22,GB,2021-03-20 23:37:52
kyra,49.5776,111.9753,14.9,78,88,3.76,RU,2021-03-20 23:41:46
bjornevatn,69.6672,29.9847,24.8,80,0,5.75,NO,2021-03-20 23:41:46
innisfail,-17.5333,146.0333,79.25,77,95,3.13,AU,2021-03-20 23:37:02
kupang,-10.1667,123.5833,77,100,90,3.44,ID,2021-03-20 23:41:47
diffa,13.3154,12.6113,85.98,32,82,3.65,NE,2021-03-20 23:41:47
mar del plata,-38.0023,-57.5575,64.99,88,0,2.3,AR,2021-03-20 23:40:06
lagoa,39.05,-27.9833,57.54,79,100,14.36,PT,2021-03-20 23:41:48
komsomolskiy,40.4272,71.7189,50,87,90,6.91,UZ,2021-03-20 23:41:49
sawakin,19.1059,37.3321,75.72,59,0,4.63,SD,2021-03-20 23:41:49
mitsamiouli,-11.3847,43.2844,82.94,71,8,5.12,KM,2021-03-20 23:41:50
kuvandyk,51.4781,57.3552,18.95,96,100,5.79,RU,2021-03-20 23:41:50
kokopo,-4.352,152.2633,85.06,67,94,3.89,PG,2021-03-20 23:41:50
yarensk,62.1675,49.0916,9,97,98,4.34,RU,2021-03-20 23:41:51
lasa,46.6166,10.7002,28,68,0,11.5,IT,2021-03-20 23:41:51
nagato,34.3833,131.2,57.2,88,75,9.22,JP,2021-03-20 23:41:52
cutlerville,42.8409,-85.6636,55.4,19,1,5.75,US,2021-03-20 23:41:52
luancheng,37.8792,114.6517,39.2,33,0,11.18,CN,2021-03-20 23:41:53
kondinskoye,59.6481,67.41,13.14,93,96,10.87,RU,2021-03-20 23:41:54
la asuncion,11.0333,-63.8628,75.54,85,100,14.32,VE,2021-03-20 23:41:54
gaziantep,37.0594,37.3825,44.6,76,0,3.44,TR,2021-03-20 23:41:55
boden,65.8252,21.6886,35.6,69,15,11.5,SE,2021-03-20 23:41:55
cairns,-16.9167,145.7667,84.99,61,83,4.61,AU,2021-03-20 23:41:56
leshukonskoye,64.8989,45.7622,11.57,94,99,8.01,RU,2021-03-20 23:41:56
simao,22.7886,100.9748,64.08,49,68,1.81,CN,2021-03-20 23:41:56
semporna,4.4818,118.6112,77,88,20,2.3,MY,2021-03-20 23:41:57
caravelas,-17.7125,-39.2481,75.56,90,3,6.02,BR,2021-03-20 23:41:58
muborak,39.2553,65.1528,49.57,73,0,6.96,UZ,2021-03-20 23:41:58
imbituba,-28.24,-48.6703,78.8,83,40,6.91,BR,2021-03-20 23:38:02
mikulov,48.8056,16.6378,26.01,91,15,1.99,CZ,2021-03-20 23:41:59
rundu,-17.9333,19.7667,67.68,75,42,4.03,NA,2021-03-20 23:41:59
araouane,18.9048,-3.5265,77.4,14,8,12.21,ML,2021-03-20 23:41:59
ancud,-41.8697,-73.8203,57,86,10,3,CL,2021-03-20 23:42:00
artigas,-30.4,-56.4667,68.16,89,99,13.06,UY,2021-03-20 23:42:00
rio claro,-22.4114,-47.5614,75.2,88,0,2.3,BR,2021-03-20 23:40:04
tiznit,29.5833,-9.5,51.48,89,57,12.21,MA,2021-03-20 23:42:01
lubao,14.9167,120.55,80.6,83,75,4.61,PH,2021-03-20 23:42:01
serebryansk,49.6925,83.2892,33.8,69,75,8.95,KZ,2021-03-20 23:42:02
bushehr,28.9684,50.8385,67.69,55,0,13.98,IR,2021-03-20 23:42:03
port augusta,-32.5,137.7667,73.99,68,100,6.91,AU,2021-03-20 23:42:03
deputatskiy,69.3,139.9,-14.24,98,79,3.18,RU,2021-03-20 23:42:04
alofi,-19.0595,-169.9187,80.6,83,93,11.5,NU,2021-03-20 23:40:00
muros,42.7762,-9.0603,46.99,57,0,18.48,ES,2021-03-20 23:42:04
kieta,-6.2167,155.6333,86.27,61,89,2.86,PG,2021-03-20 23:42:05
kyzyl-suu,42.3414,78.0056,37.2,66,73,10.16,KG,2021-03-20 23:42:06
belaya gora,68.5333,146.4167,-5.37,83,0,2.42,RU,2021-03-20 23:42:06
nipawin,53.3668,-104.0009,42.8,61,1,5.75,CA,2021-03-20 23:37:22
san quintin,30.4833,-115.95,62.65,66,1,25.43,MX,2021-03-20 23:42:07
roswell,34.0232,-84.3616,55.99,24,1,6.91,US,2021-03-20 23:41:44
zakupne,49.1194,26.3376,28.06,79,0,4.81,UA,2021-03-20 23:42:07
krasnovishersk,60.4078,57.082,10.02,97,87,2.57,RU,2021-03-20 23:42:08
novovyazniki,56.1975,42.1711,20.7,93,71,8.75,RU,2021-03-20 23:42:08
hay river,60.8156,-115.7999,10.4,61,100,13.8,CA,2021-03-20 23:42:09
muscat,23.6139,58.5922,84.2,37,0,2.3,OM,2021-03-20 23:42:09
bilibino,68.0546,166.4372,-12.48,68,0,2.04,RU,2021-03-20 23:42:09
humaita,-7.5061,-63.0208,70.41,98,100,1.74,BR,2021-03-20 23:41:34
arman,59.7,150.1667,8.42,85,49,3.24,RU,2021-03-20 23:42:10
brae,60.3964,-1.353,42.8,65,90,9.22,GB,2021-03-20 23:42:10
port hedland,-20.3167,118.5667,75.2,64,75,13.8,AU,2021-03-20 23:42:11
acajutla,13.5928,-89.8275,86,37,0,4.61,SV,2021-03-20 23:42:11
biak,-0.9131,122.8766,82.22,66,100,1.59,ID,2021-03-20 23:42:12
kavaratti,10.5669,72.642,82.78,67,6,9.53,IN,2021-03-20 23:42:13
heyang,26.1011,107.473,41.05,91,100,10.16,CN,2021-03-20 23:42:13
coihaique,-45.5752,-72.0662,57.2,58,75,8.05,CL,2021-03-20 23:38:22
valparaiso,-33.0393,-71.6273,68,59,0,8.05,CL,2021-03-20 23:39:16
rocha,-34.4833,-54.3333,67.24,98,100,4.9,UY,2021-03-20 23:42:14
kochevo,59.5994,54.3125,8.87,96,77,5.55,RU,2021-03-20 23:42:15
lydenburg,-25.0978,30.4597,68,87,68,0.76,ZA,2021-03-20 23:42:15
vila velha,-20.3297,-40.2925,78.8,83,75,6.22,BR,2021-03-20 23:42:15
parker,32.7668,-97.8003,68,43,0,5.01,US,2021-03-20 23:42:16
buala,-8.145,159.5921,83.77,74,99,3.02,SB,2021-03-20 23:42:16
grandview,38.8858,-94.533,57.99,41,1,13.8,US,2021-03-20 23:42:16
sao joao da barra,-21.6403,-41.0511,76.28,86,0,8.21,BR,2021-03-20 23:42:17
panguna,-6.3164,155.4848,81.93,63,90,2.77,PG,2021-03-20 23:42:17
dubti,11.7361,41.0853,71.24,41,0,1.39,ET,2021-03-20 23:42:18
morant bay,17.8815,-76.4093,80.6,74,40,17.27,JM,2021-03-20 23:42:18
sibsagar,26.9833,94.6333,69.64,43,63,1.54,IN,2021-03-20 23:42:19
vesyegonsk,58.664,37.2604,18.57,85,86,9.71,RU,2021-03-20 23:42:19
los llanos de aridane,28.6585,-17.9182,64.4,55,75,9.22,ES,2021-03-20 23:42:20
pringsewu,-5.3582,104.9744,73.83,90,86,2.89,ID,2021-03-20 23:42:20
novovasylivka,46.8315,35.7536,33.28,91,4,8.19,UA,2021-03-20 23:42:20
sola,-13.8833,167.55,81.68,73,65,9.8,VU,2021-03-20 23:42:21
anori,-3.7728,-61.6442,72.88,98,100,3.49,BR,2021-03-20 23:42:21
kysyl-syr,63.8986,122.7617,-7.91,87,100,12.68,RU,2021-03-20 23:42:22
benguela,-12.5763,13.4055,79.18,80,100,3.83,AO,2021-03-20 23:42:22
lavrentiya,65.5833,-171,2.89,79,100,13.53,RU,2021-03-20 23:42:23
bermejo,-32.8833,-68.8,66.2,63,20,2.3,AR,2021-03-20 23:42:23
flinders,-34.5833,150.8552,69.01,92,100,4,AU,2021-03-20 23:42:24
monopoli,40.9559,17.2896,45,93,75,8.05,IT,2021-03-20 23:42:24
nowogard,53.6744,15.1163,36,93,90,10.36,PL,2021-03-20 23:42:25
el cobre,20.0489,-75.9469,78.8,78,20,5.75,CU,2021-03-20 23:42:25
niceville,30.5169,-86.4822,61,51,90,10.36,US,2021-03-20 23:42:25
hualmay,-11.0964,-77.6139,71.91,75,12,7.78,PE,2021-03-20 23:42:26
oussouye,12.485,-16.5469,71.6,88,0,2.3,SN,2021-03-20 23:42:27
fairbanks,64.8378,-147.7164,21.99,35,1,8.05,US,2021-03-20 23:40:04
puerto escondido,15.85,-97.0667,84.2,70,40,5.75,MX,2021-03-20 23:42:27
nampula,-15.1165,39.2666,71.6,94,75,4.61,MZ,2021-03-20 23:42:28
woodward,36.4337,-99.3904,66.2,36,1,24.16,US,2021-03-20 23:42:28
khanpur,28.6453,70.6567,71.02,39,98,1.97,PK,2021-03-20 23:42:29
westport,41.1415,-73.3579,48.99,43,1,5.75,US,2021-03-20 23:38:30
manjacaze,-24.7117,33.8828,68.29,94,0,1.68,MZ,2021-03-20 23:42:29
lahat,-3.8,103.5333,73.45,94,100,1.66,ID,2021-03-20 23:42:30
sant julia de loria,42.4625,1.4825,28.99,57,67,12.46,AD,2021-03-20 23:42:30
konevo,62.1215,39.3192,16.59,92,100,9.78,RU,2021-03-20 23:42:31
karratha,-20.7377,116.8463,75.65,57,0,18.03,AU,2021-03-20 23:42:31
cremona,45.2333,9.9333,41,57,82,5.01,IT,2021-03-20 23:42:32
ostrovnoy,68.0531,39.5131,15.64,93,58,12.48,RU,2021-03-20 23:42:32
nadym,65.5333,72.5167,-3.82,92,100,14.07,RU,2021-03-20 23:42:32
mogadishu,2.0371,45.3438,80.13,83,26,13.35,SO,2021-03-20 23:39:27
mirabad,30.4362,61.8383,60.31,54,60,15.37,AF,2021-03-20 23:42:33
kargopol,61.5071,38.9456,16.05,91,100,9.89,RU,2021-03-20 23:42:34
jaru,-10.4389,-62.4664,72,96,100,3.47,BR,2021-03-20 23:42:34
abu dhabi,24.4667,54.3667,73.4,60,0,4.61,AE,2021-03-20 23:42:35
ust-ordynskiy,52.805,104.7508,14,73,0,6.71,RU,2021-03-20 23:42:35
shenkursk,62.1091,42.896,14.59,92,93,9.24,RU,2021-03-20 23:42:36
jinzhou,41.1078,121.1417,38.52,34,17,24.23,CN,2021-03-20 23:42:36
broken hill,-31.95,141.4333,68,64,100,14.97,AU,2021-03-20 23:42:37
kamiiso,41.8167,140.65,35.6,93,75,13.8,JP,2021-03-20 23:42:37
santa fe,-31.6333,-60.7,70,90,100,4.23,AR,2021-03-20 23:39:57
leningradskiy,69.3833,178.4167,-9.63,85,100,2.21,RU,2021-03-20 23:42:38
colares,38.7992,-9.4469,53.01,67,0,13.06,PT,2021-03-20 23:42:39
anloga,5.7947,0.8973,82.4,83,40,9.22,GH,2021-03-20 23:42:39
mitu,1.1983,-70.1733,74.43,92,98,3.33,CO,2021-03-20 23:42:39
mont-dore,-22.2833,166.5833,82.99,99,17,12.3,NC,2021-03-20 23:42:40
basco,20.4487,121.9702,78.82,78,27,19.06,PH,2021-03-20 23:42:40
mabaruma,8.2,-59.7833,73.24,85,67,4.34,GY,2021-03-20 23:42:41
nyimba,-14.5566,30.8149,66.61,94,1,3.18,ZM,2021-03-20 23:42:41
aden,12.7794,45.0367,77.49,63,5,6.64,YE,2021-03-20 23:42:42
ust-kuyga,70.0167,135.6,-4.09,91,100,3.2,RU,2021-03-20 23:42:42
ladovskaya balka,45.6297,41.4023,35.67,92,82,9.84,RU,2021-03-20 23:42:42
monrovia,6.3005,-10.7969,75.2,94,40,4.79,LR,2021-03-20 23:38:30
ternuvate,47.8305,36.1276,31.01,94,23,6.22,UA,2021-03-20 23:42:43
nicoya,10.1483,-85.452,86,48,0,19.57,CR,2021-03-20 23:42:43
rapid valley,44.0625,-103.1463,66.2,30,1,11.5,US,2021-03-20 23:42:44
srednekolymsk,67.45,153.6833,-1.84,72,0,2.42,RU,2021-03-20 23:42:44
grasse,43.6667,6.9167,39.99,75,75,5.75,FR,2021-03-20 23:42:45
quatre cocos,-20.2078,57.7625,80.01,89,40,11.5,MU,2021-03-20 23:42:45
arrifes,37.7667,-25.7,59,67,75,6.91,PT,2021-03-20 23:42:45
tocopilla,-22.092,-70.1979,68.54,83,14,9.08,CL,2021-03-20 23:41:53
rock hill,34.9249,-81.0251,51.8,35,90,4.61,US,2021-03-20 23:40:03
vaikam,9.7667,76.4,75.2,94,20,4.14,IN,2021-03-20 23:42:46
liverpool,53.4106,-2.9779,48.2,87,75,12.66,GB,2021-03-20 23:38:32
porto santo,33.072,-16.3415,60.8,59,75,11.5,PT,2021-03-20 23:42:47
talaya,61.3833,152.75,-0.62,46,0,1.07,RU,2021-03-20 23:42:47
beira,-19.8436,34.8389,74.43,83,0,2.42,MZ,2021-03-20 23:42:48
zhuanghe,39.7008,122.9911,35.96,65,0,20.07,CN,2021-03-20 23:42:48
kharp,66.8014,65.8081,-7.51,84,100,1.66,RU,2021-03-20 23:42:48
coquimbo,-29.9533,-71.3436,62.6,72,0,10.36,CL,2021-03-20 23:38:38
freetown,8.484,-13.2299,80.6,74,47,9.22,SL,2021-03-20 23:42:49
sao sebastiao,-23.76,-45.4097,76.8,91,42,7.52,BR,2021-03-20 23:42:50
bonthe,7.5264,-12.505,77.11,74,15,5.46,SL,2021-03-20 23:42:50
aykhal,66,111.5,-33.05,96,100,39.59,RU,2021-03-20 23:42:51
aswan,24.0934,32.907,75.02,22,0,2.06,EG,2021-03-20 23:42:51
peniche,39.3558,-9.3811,51.01,76,0,11.97,PT,2021-03-20 23:42:52
xuddur,4.1213,43.8894,74.35,84,1,14.34,SO,2021-03-20 23:42:52
clyde river,70.4692,-68.5914,-20.2,76,1,0.81,CA,2021-03-20 23:42:53
yumen,40.2833,97.2,23.18,30,0,6.64,CN,2021-03-20 23:42:53
jiwani,25.05,61.7417,76.84,68,15,4.52,PK,2021-03-20 23:42:54
maragogi,-9.0122,-35.2225,77.76,82,0,7.52,BR,2021-03-20 23:42:54
truckee,39.328,-120.1833,37.99,60,40,10.36,US,2021-03-20 23:40:55
balan,46.6505,25.8083,32,62,100,2.06,RO,2021-03-20 23:42:54
ulaangom,49.9811,92.0667,2.46,89,94,2.77,MN,2021-03-20 23:42:55
richards bay,-28.783,32.0377,71.29,93,55,3.33,ZA,2021-03-20 23:42:55
bocas del toro,9.3333,-82.25,64,65,52,11.01,PA,2021-03-20 23:42:56
tabuk,17.4189,121.4443,77.68,85,79,3.11,PH,2021-03-20 23:42:56
san rafael,-34.6177,-68.3301,65.89,35,0,8.88,AR,2021-03-20 23:42:57
partizanskoye,55.5006,94.39,22.32,71,100,4.79,RU,2021-03-20 23:42:57
paita,-5.0892,-81.1144,80.6,69,0,9.22,PE,2021-03-20 23:42:58
clarksburg,39.2807,-80.3445,55.4,19,1,8.05,US,2021-03-20 23:42:58
hirara,24.8,125.2833,71.6,88,75,10.36,JP,2021-03-20 23:42:58
palu,-0.8917,119.8707,82.24,76,96,2.06,ID,2021-03-20 23:42:59
esperance,-33.8667,121.9,57.2,100,19,12.66,AU,2021-03-20 23:42:59
caiaponia,-16.9567,-51.8103,69.26,91,37,2.77,BR,2021-03-20 23:43:00
marolambo,-20.05,48.1167,67.87,93,100,1.97,MG,2021-03-20 23:43:00
tabou,4.423,-7.3528,77.83,86,99,6.06,CI,2021-03-20 23:43:01
henties bay,-22.116,14.2845,62.01,90,4,1.99,NA,2021-03-20 23:43:01
mandalgovi,45.7625,106.2708,18.48,40,44,12.8,MN,2021-03-20 23:43:01
zhigansk,66.7697,123.3711,16.3,92,100,20.85,RU,2021-03-20 23:43:02
kroonstad,-27.6504,27.2349,57.51,81,22,1.79,ZA,2021-03-20 23:43:02
havre-saint-pierre,50.2334,-63.5986,19.4,79,40,9.22,CA,2021-03-20 23:43:03
pecos,31.4229,-103.4932,78.8,14,1,19.57,US,2021-03-20 23:43:04
bonito,-21.1211,-56.4819,73.24,96,43,1.72,BR,2021-03-20 23:43:05
saint-georges,12.0564,-61.7485,78.8,73,20,10.36,GD,2021-03-20 23:43:05
kibala,9.1104,18.3463,86,39,0,4.07,TD,2021-03-20 23:43:06
banjar,-8.19,114.9675,82.4,78,75,12.66,ID,2021-03-20 23:43:06
vestmanna,62.1564,-7.1664,42.8,81,90,17.27,FO,2021-03-20 23:43:06
port hawkesbury,45.6169,-61.3485,33.8,69,1,3.44,CA,2021-03-20 23:43:07
udalguri,26.7667,92.1333,67.23,41,0,4.59,IN,2021-03-20 23:43:08
